SET FOREIGN_KEY_CHECKS = 0;
SET NAMES utf8mb4;
-- ai_ecommerce_saas DDL
CREATE DATABASE `ai_ecommerce_saas`
CHARACTER SET utf8mb4
COLLATE utf8mb4_unicode_ci;;
use `ai_ecommerce_saas`;
-- ai_ecommerce_saas.payment_order DDL
DROP TABLE IF EXISTS `ai_ecommerce_saas`.`payment_order`;
CREATE TABLE `ai_ecommerce_saas`.`payment_order` (`id` BIGINT NOT NULL AUTO_INCREMENT Comment "и®ўеҚ•ID",
`order_no` VARCHAR(64) CHARACTER SET utf8mb4 COLLATE utf8mb4_0900_ai_ci NOT NULL Comment "е•ҶжҲ·и®ўеҚ•еҸ·",
`user_id` BIGINT NOT NULL Comment "з”ЁжҲ·ID",
`openid` VARCHAR(64) CHARACTER SET utf8mb4 COLLATE utf8mb4_0900_ai_ci NULL Comment "з”ЁжҲ·еҫ®дҝЎopenid",
`amount` INT NOT NULL Comment "ж”Ҝд»ҳйҮ‘йўқпјҲеҲҶпјү",
`body` VARCHAR(128) CHARACTER SET utf8mb4 COLLATE utf8mb4_0900_ai_ci NULL Comment "е•Ҷе“ҒжҸҸиҝ°",
`pay_type` VARCHAR(20) CHARACTER SET utf8mb4 COLLATE utf8mb4_0900_ai_ci NOT NULL DEFAULT 'WECHAT' Comment "ж”Ҝд»ҳж–№ејҸпјҡWECHAT-еҫ®дҝЎж”Ҝд»ҳ",
`status` TINYINT NOT NULL DEFAULT 0 Comment "ж”Ҝд»ҳзҠ¶жҖҒпјҡ0-еҫ…ж”Ҝд»ҳпјҢ1-ж”Ҝд»ҳжҲҗеҠҹпјҢ2-ж”Ҝд»ҳеӨұиҙҘпјҢ3-е·Іе…ій—ӯ",
`prepay_id` VARCHAR(64) CHARACTER SET utf8mb4 COLLATE utf8mb4_0900_ai_ci NULL Comment "еҫ®дҝЎйў„ж”Ҝд»ҳID",
`transaction_id` VARCHAR(64) CHARACTER SET utf8mb4 COLLATE utf8mb4_0900_ai_ci NULL Comment "еҫ®дҝЎж”Ҝд»ҳи®ўеҚ•еҸ·",
`pay_time` DATETIME NULL Comment "ж”Ҝд»ҳе®ҢжҲҗж—¶й—ҙ",
`notify_result` VARCHAR(512) CHARACTER SET utf8mb4 COLLATE utf8mb4_0900_ai_ci NULL Comment "ж”Ҝд»ҳеӣһи°ғз»“жһң",
`product_type` VARCHAR(32) CHARACTER SET utf8mb4 COLLATE utf8mb4_0900_ai_ci NULL Comment "дә§е“Ғзұ»еһӢпјҡMEMBER-дјҡе‘ҳиҙӯд№°пјҢPOINTS_PACKAGE-з§ҜеҲҶеҠ жІ№еҢ…",
`product_code` VARCHAR(32) CHARACTER SET utf8mb4 COLLATE utf8mb4_0900_ai_ci NULL Comment "дә§е“Ғзј–з ҒпјҲдјҡе‘ҳзӯүзә§жҲ–еҠ жІ№еҢ…зұ»еһӢпјү",
`deleted` TINYINT NOT NULL DEFAULT 0 Comment "йҖ»иҫ‘еҲ йҷӨпјҡ0=жңӘеҲ йҷӨпјҢ1=е·ІеҲ йҷӨ",
`create_time` DATETIME NULL DEFAULT CURRENT_TIMESTAMP Comment "еҲӣе»әж—¶й—ҙ",
`update_time` DATETIME NULL DEFAULT CURRENT_TIMESTAMP ON UPDATE CURRENT_TIMESTAMP(0) Comment "жӣҙж–°ж—¶й—ҙ",
INDEX `idx_order_no`(`order_no` ASC) USING BTREE,
INDEX `idx_status`(`status` ASC) USING BTREE,
INDEX `idx_user_id`(`user_id` ASC) USING BTREE,
UNIQUE INDEX `uk_order_no`(`order_no` ASC) USING BTREE,
PRIMARY KEY (`id`)) ENGINE = InnoDB CHARACTER SET = utf8mb4 COLLATE = utf8mb4_0900_ai_ci AUTO_INCREMENT = 1 ROW_FORMAT = Dynamic COMMENT = "ж”Ҝд»ҳи®ўеҚ•иЎЁ";
-- ai_ecommerce_saas.permission DDL
DROP TABLE IF EXISTS `ai_ecommerce_saas`.`permission`;
CREATE TABLE `ai_ecommerce_saas`.`permission` (`id` BIGINT UNSIGNED NOT NULL AUTO_INCREMENT Comment "жқғйҷҗID",
`parent_id` BIGINT UNSIGNED NULL DEFAULT 0 Comment "зҲ¶жқғйҷҗIDпјҢ0иЎЁзӨәж №иҠӮзӮ№",
`name` VARCHAR(64) CHARACTER SET utf8mb4 COLLATE utf8mb4_0900_ai_ci NOT NULL Comment "жқғйҷҗеҗҚз§°пјҲжҳҫзӨәз”Ёпјү",
`code` VARCHAR(64) CHARACTER SET utf8mb4 COLLATE utf8mb4_0900_ai_ci NOT NULL Comment "жқғйҷҗж ҮиҜҶпјҲе”ҜдёҖпјүпјҢеҰӮ upload:file",
`type` TINYINT NOT NULL DEFAULT 1 Comment "жқғйҷҗзұ»еһӢпјҡ1=еҠҹиғҪжқғйҷҗпјҢ2=иҸңеҚ•жқғйҷҗпјҢ3=жҢүй’®жқғйҷҗ",
`path` VARCHAR(128) CHARACTER SET utf8mb4 COLLATE utf8mb4_0900_ai_ci NULL Comment "еҜ№еә”APIи·Ҝеҫ„пјҢеҰӮ /api/upload/coze",
`method` VARCHAR(8) CHARACTER SET utf8mb4 COLLATE utf8mb4_0900_ai_ci NULL Comment "иҜ·жұӮж–№жі•пјҢеҰӮ POST",
`status` TINYINT NOT NULL DEFAULT 1 Comment "зҠ¶жҖҒпјҡ1=еҗҜз”ЁпјҢ0=зҰҒз”Ё",
`sort` INT NULL DEFAULT 0 Comment "жҺ’еәҸеҸ·",
`deleted` TINYINT NOT NULL DEFAULT 0 Comment "йҖ»иҫ‘еҲ йҷӨпјҡ0=жңӘеҲ йҷӨпјҢ1=е·ІеҲ йҷӨ",
`create_time` DATETIME NULL DEFAULT CURRENT_TIMESTAMP Comment "еҲӣе»әж—¶й—ҙ",
`update_time` DATETIME NULL DEFAULT CURRENT_TIMESTAMP ON UPDATE CURRENT_TIMESTAMP(0) Comment "жӣҙж–°ж—¶й—ҙ",
INDEX `idx_deleted`(`deleted` ASC) USING BTREE,
INDEX `idx_parent_id`(`parent_id` ASC) USING BTREE,
INDEX `idx_status`(`status` ASC) USING BTREE,
UNIQUE INDEX `uk_code`(`code` ASC) USING BTREE,
PRIMARY KEY (`id`)) ENGINE = InnoDB CHARACTER SET = utf8mb4 COLLATE = utf8mb4_0900_ai_ci AUTO_INCREMENT = 20 ROW_FORMAT = Dynamic COMMENT = "жқғйҷҗиЎЁ";
-- ai_ecommerce_saas.role DDL
DROP TABLE IF EXISTS `ai_ecommerce_saas`.`role`;
CREATE TABLE `ai_ecommerce_saas`.`role` (`id` BIGINT UNSIGNED NOT NULL AUTO_INCREMENT Comment "и§’иүІID",
`name` VARCHAR(64) CHARACTER SET utf8mb4 COLLATE utf8mb4_0900_ai_ci NOT NULL Comment "и§’иүІеҗҚз§°",
`code` VARCHAR(64) CHARACTER SET utf8mb4 COLLATE utf8mb4_0900_ai_ci NOT NULL Comment "и§’иүІж ҮиҜҶпјҲе”ҜдёҖпјүпјҢеҰӮ admin",
`description` VARCHAR(128) CHARACTER SET utf8mb4 COLLATE utf8mb4_0900_ai_ci NULL Comment "и§’иүІжҸҸиҝ°",
`status` TINYINT NOT NULL DEFAULT 1 Comment "зҠ¶жҖҒпјҡ1=еҗҜз”ЁпјҢ0=зҰҒз”Ё",
`deleted` TINYINT NOT NULL DEFAULT 0 Comment "йҖ»иҫ‘еҲ йҷӨпјҡ0=жңӘеҲ йҷӨпјҢ1=е·ІеҲ йҷӨ",
`create_time` DATETIME NULL DEFAULT CURRENT_TIMESTAMP Comment "еҲӣе»әж—¶й—ҙ",
`update_time` DATETIME NULL DEFAULT CURRENT_TIMESTAMP ON UPDATE CURRENT_TIMESTAMP(0) Comment "жӣҙж–°ж—¶й—ҙ",
INDEX `idx_deleted`(`deleted` ASC) USING BTREE,
INDEX `idx_status`(`status` ASC) USING BTREE,
UNIQUE INDEX `uk_code`(`code` ASC) USING BTREE,
PRIMARY KEY (`id`)) ENGINE = InnoDB CHARACTER SET = utf8mb4 COLLATE = utf8mb4_0900_ai_ci AUTO_INCREMENT = 3 ROW_FORMAT = Dynamic COMMENT = "и§’иүІиЎЁ";
-- ai_ecommerce_saas.role_permission DDL
DROP TABLE IF EXISTS `ai_ecommerce_saas`.`role_permission`;
CREATE TABLE `ai_ecommerce_saas`.`role_permission` (`id` BIGINT UNSIGNED NOT NULL AUTO_INCREMENT Comment "е…іиҒ”ID",
`role_id` BIGINT UNSIGNED NOT NULL Comment "и§’иүІID",
`permission_id` BIGINT UNSIGNED NOT NULL Comment "жқғйҷҗID",
`deleted` TINYINT NOT NULL DEFAULT 0 Comment "йҖ»иҫ‘еҲ йҷӨпјҡ0=жңӘеҲ йҷӨпјҢ1=е·ІеҲ йҷӨ",
`create_time` DATETIME NULL DEFAULT CURRENT_TIMESTAMP Comment "еҲӣе»әж—¶й—ҙ",
`update_time` DATETIME NULL DEFAULT CURRENT_TIMESTAMP ON UPDATE CURRENT_TIMESTAMP(0) Comment "жӣҙж–°ж—¶й—ҙ",
INDEX `idx_deleted`(`deleted` ASC) USING BTREE,
INDEX `idx_permission_id`(`permission_id` ASC) USING BTREE,
INDEX `idx_role_id`(`role_id` ASC) USING BTREE,
UNIQUE INDEX `uk_role_permission`(`role_id` ASC,`permission_id` ASC) USING BTREE,
PRIMARY KEY (`id`)) ENGINE = InnoDB CHARACTER SET = utf8mb4 COLLATE = utf8mb4_0900_ai_ci AUTO_INCREMENT = 30 ROW_FORMAT = Dynamic COMMENT = "и§’иүІжқғйҷҗе…іиҒ”иЎЁ";
-- ai_ecommerce_saas.sys_user DDL
DROP TABLE IF EXISTS `ai_ecommerce_saas`.`sys_user`;
CREATE TABLE `ai_ecommerce_saas`.`sys_user` (`id` BIGINT NOT NULL AUTO_INCREMENT Comment "з”ЁжҲ·ID",
`openid` VARCHAR(64) CHARACTER SET utf8mb4 COLLATE utf8mb4_0900_ai_ci NULL Comment "еҫ®дҝЎе°ҸзЁӢеәҸopenid",
`username` VARCHAR(50) CHARACTER SET utf8mb4 COLLATE utf8mb4_0900_ai_ci NOT NULL Comment "зҷ»еҪ•иҙҰеҸ·",
`password` VARCHAR(100) CHARACTER SET utf8mb4 COLLATE utf8mb4_0900_ai_ci NOT NULL Comment "еҜҶз ҒпјҲеҠ еҜҶпјү",
`nickname` VARCHAR(50) CHARACTER SET utf8mb4 COLLATE utf8mb4_0900_ai_ci NULL Comment "жҳөз§°",
`phone` VARCHAR(20) CHARACTER SET utf8mb4 COLLATE utf8mb4_0900_ai_ci NULL Comment "жүӢжңәеҸ·",
`email` VARCHAR(100) CHARACTER SET utf8mb4 COLLATE utf8mb4_0900_ai_ci NULL Comment "йӮ®з®ұ",
`points` INT NOT NULL DEFAULT 0 Comment "з”ЁжҲ·з§ҜеҲҶ",
`status` TINYINT NOT NULL DEFAULT 1 Comment "0зҰҒз”Ё 1жӯЈеёё",
`member_level` TINYINT NOT NULL DEFAULT 0 Comment "дјҡе‘ҳзӯүзә§пјҡ0-жҷ®йҖҡз”ЁжҲ·пјҢ1-дҪ“йӘҢдјҡе‘ҳпјҢ2-VIPпјҢ3-SVIP",
`member_expire_time` DATETIME NULL Comment "дјҡе‘ҳеҲ°жңҹж—¶й—ҙ",
`deleted` TINYINT NOT NULL DEFAULT 0 Comment "0жңӘеҲ  1е·ІеҲ ",
`create_time` DATETIME NOT NULL DEFAULT CURRENT_TIMESTAMP,
`update_time` DATETIME NOT NULL DEFAULT CURRENT_TIMESTAMP ON UPDATE CURRENT_TIMESTAMP(0),
INDEX `idx_openid`(`openid` ASC) USING BTREE,
INDEX `idx_member_level`(`member_level` ASC) USING BTREE,
UNIQUE INDEX `uk_username`(`username` ASC) USING BTREE,
PRIMARY KEY (`id`)) ENGINE = InnoDB CHARACTER SET = utf8mb4 COLLATE = utf8mb4_0900_ai_ci AUTO_INCREMENT = 9 ROW_FORMAT = Dynamic COMMENT = "з”ЁжҲ·иЎЁ";
-- ai_ecommerce_saas.user_points_log DDL
DROP TABLE IF EXISTS `ai_ecommerce_saas`.`user_points_log`;
CREATE TABLE `ai_ecommerce_saas`.`user_points_log` (`id` BIGINT NOT NULL AUTO_INCREMENT,
`username` VARCHAR(50) CHARACTER SET utf8mb4 COLLATE utf8mb4_0900_ai_ci NOT NULL Comment "з”ЁжҲ·ID",
`change_points` INT NOT NULL Comment "еҸҳеҠЁз§ҜеҲҶпјҲ+еўһеҠ  -жүЈйҷӨпјү",
`current_points` INT NOT NULL Comment "еҸҳеҠЁеҗҺз§ҜеҲҶ",
`remark` VARCHAR(255) CHARACTER SET utf8mb4 COLLATE utf8mb4_0900_ai_ci NULL Comment "еҸҳеҠЁеҺҹеӣ ",
`create_time` DATETIME NOT NULL DEFAULT CURRENT_TIMESTAMP,
`update_time` DATETIME NOT NULL DEFAULT CURRENT_TIMESTAMP ON UPDATE CURRENT_TIMESTAMP(0) Comment "дҝ®ж”№ж—¶й—ҙ",
`deleted` TINYINT NOT NULL DEFAULT 0 Comment "йҖ»иҫ‘еҲ йҷӨж ҮиҜҶ(0-жңӘеҲ йҷӨ,1-е·ІеҲ йҷӨ)",
INDEX `idx_user_id`(`username` ASC) USING BTREE,
PRIMARY KEY (`id`)) ENGINE = InnoDB CHARACTER SET = utf8mb4 COLLATE = utf8mb4_0900_ai_ci AUTO_INCREMENT = 29 ROW_FORMAT = Dynamic COMMENT = "з§ҜеҲҶеҸҳеҠЁж—Ҙеҝ—";
-- ai_ecommerce_saas.user_role DDL
DROP TABLE IF EXISTS `ai_ecommerce_saas`.`user_role`;
CREATE TABLE `ai_ecommerce_saas`.`user_role` (`id` BIGINT UNSIGNED NOT NULL AUTO_INCREMENT Comment "е…іиҒ”ID",
`user_id` BIGINT UNSIGNED NOT NULL Comment "з”ЁжҲ·IDпјҢе…іиҒ” sys_user.id",
`role_id` BIGINT UNSIGNED NOT NULL Comment "и§’иүІID",
`deleted` TINYINT NOT NULL DEFAULT 0 Comment "йҖ»иҫ‘еҲ йҷӨпјҡ0=жңӘеҲ йҷӨпјҢ1=е·ІеҲ йҷӨ",
`create_time` DATETIME NULL DEFAULT CURRENT_TIMESTAMP Comment "еҲӣе»әж—¶й—ҙ",
`update_time` DATETIME NULL DEFAULT CURRENT_TIMESTAMP ON UPDATE CURRENT_TIMESTAMP(0) Comment "жӣҙж–°ж—¶й—ҙ",
INDEX `idx_deleted`(`deleted` ASC) USING BTREE,
INDEX `idx_role_id`(`role_id` ASC) USING BTREE,
INDEX `idx_user_id`(`user_id` ASC) USING BTREE,
UNIQUE INDEX `uk_user_role`(`user_id` ASC,`role_id` ASC) USING BTREE,
PRIMARY KEY (`id`)) ENGINE = InnoDB CHARACTER SET = utf8mb4 COLLATE = utf8mb4_0900_ai_ci AUTO_INCREMENT = 9 ROW_FORMAT = Dynamic COMMENT = "з”ЁжҲ·и§’иүІе…іиҒ”иЎЁ";
-- ai_ecommerce_saas.permission DML
INSERT INTO `ai_ecommerce_saas`.`permission` (`id`,`parent_id`,`name`,`code`,`type`,`path`,`method`,`status`,`sort`,`deleted`,`create_time`,`update_time`) VALUES (1,0,'ж–Үд»¶дёҠдј ','module:upload',2,NULL,NULL,1,1,0,'2026-04-01 10:28:53','2026-04-01 10:28:53'),(2,0,'Cozeе·ҘдҪңжөҒ','module:coze',2,NULL,NULL,1,2,0,'2026-04-01 10:28:53','2026-04-01 10:28:53'),(3,0,'ж–ҮжЎҲз”ҹжҲҗ','module:copywriting',2,NULL,NULL,1,3,0,'2026-04-01 10:28:53','2026-04-01 10:28:53'),(4,0,'з”ЁжҲ·з®ЎзҗҶ','module:user',2,NULL,NULL,1,4,0,'2026-04-01 10:28:53','2026-04-01 10:28:53'),(5,1,'дёҠдј ж–Үд»¶еҲ°Coze','upload:coze',1,'/api/upload/coze','POST',1,1,0,'2026-04-01 10:28:53','2026-04-01 10:28:53'),(6,2,'ејӮжӯҘз”ҹжҲҗи§Ҷйў‘','coze:workflow:async',1,'/api/coze/workflow/async','POST',1,1,0,'2026-04-01 10:28:53','2026-04-01 10:28:53'),(7,2,'жҹҘиҜўи§Ҷйў‘д»»еҠЎзҠ¶жҖҒ','coze:workflow:status',1,'/api/coze/workflow/status/{taskId}','GET',1,2,0,'2026-04-01 10:28:53','2026-04-01 10:28:53'),(8,3,'еҗҢжӯҘз”ҹжҲҗж–ҮжЎҲ','copywriting:generate',1,'/api/copywriting/generate','POST',1,1,0,'2026-04-01 10:28:53','2026-04-01 10:28:53'),(9,3,'ејӮжӯҘз”ҹжҲҗж–ҮжЎҲ','copywriting:generate-async',1,'/api/copywriting/generate-async','POST',1,2,0,'2026-04-01 10:28:53','2026-04-01 10:28:53'),(10,3,'жҹҘиҜўж–ҮжЎҲд»»еҠЎзҠ¶жҖҒ','copywriting:taskStatus',1,'/api/copywriting/task-status/{taskId}','GET',1,3,0,'2026-04-01 10:28:53','2026-04-01 10:28:53'),(11,4,'з”ЁжҲ·зҷ»еҪ•','user:login',1,'/api/admin/user/login','POST',1,1,0,'2026-04-01 10:28:53','2026-04-01 10:28:53'),(12,4,'з”ЁжҲ·жіЁеҶҢ','user:register',1,'/api/admin/user/register','POST',1,2,0,'2026-04-01 10:28:53','2026-04-01 10:28:53'),(13,4,'з”ЁжҲ·зҷ»еҮә','user:logout',1,'/api/admin/user/logout','POST',1,3,0,'2026-04-01 10:28:53','2026-04-01 10:28:53'),(14,4,'дҝ®ж”№з”ЁжҲ·дҝЎжҒҜ','user:update',1,'/api/admin/user/updateUser','POST',1,4,0,'2026-04-01 10:28:53','2026-04-01 10:28:53'),(15,4,'иҺ·еҸ–еҪ“еүҚз”ЁжҲ·дҝЎжҒҜ','user:getInfo',1,'/api/admin/user/getUserByUsername','POST',1,5,0,'2026-04-01 10:28:53','2026-04-01 10:28:53'),(16,4,'жЈҖжҹҘз”ЁжҲ·еҗҚжҳҜеҗҰеӯҳеңЁ','user:checkUsername',1,'/api/admin/user/checkUsernameExists','POST',1,6,0,'2026-04-01 10:28:53','2026-04-01 10:28:53'),(19,4,'жҹҘиҜўз”ЁжҲ·з§ҜеҲҶ','user:getPointInfo',1,'/api/admin/points-log/page','GET',1,7,0,'2026-04-03 09:23:31','2026-04-03 09:23:31');
-- ai_ecommerce_saas.role DML
INSERT INTO `ai_ecommerce_saas`.`role` (`id`,`name`,`code`,`description`,`status`,`deleted`,`create_time`,`update_time`) VALUES (1,'з®ЎзҗҶе‘ҳ','admin','зі»з»ҹз®ЎзҗҶе‘ҳпјҢжӢҘжңүжүҖжңүжқғйҷҗ',1,0,'2026-04-01 10:28:53','2026-04-01 10:28:53'),(2,'жҷ®йҖҡз”ЁжҲ·','user','жҷ®йҖҡз”ЁжҲ·',1,0,'2026-04-01 10:28:53','2026-04-01 10:55:18');
-- ai_ecommerce_saas.role_permission DML
INSERT INTO `ai_ecommerce_saas`.`role_permission` (`id`,`role_id`,`permission_id`,`deleted`,`create_time`,`update_time`) VALUES (1,1,5,0,'2026-04-01 10:28:53','2026-04-01 10:28:53'),(2,1,6,0,'2026-04-01 10:28:53','2026-04-01 10:28:53'),(3,1,7,0,'2026-04-01 10:28:53','2026-04-01 10:28:53'),(4,1,8,0,'2026-04-01 10:28:53','2026-04-01 10:28:53'),(5,1,9,0,'2026-04-01 10:28:53','2026-04-01 10:28:53'),(6,1,10,0,'2026-04-01 10:28:53','2026-04-01 10:28:53'),(7,1,11,0,'2026-04-01 10:28:53','2026-04-01 10:28:53'),(8,1,12,0,'2026-04-01 10:28:53','2026-04-01 10:28:53'),(9,1,13,0,'2026-04-01 10:28:53','2026-04-01 10:28:53'),(10,1,14,0,'2026-04-01 10:28:53','2026-04-01 10:28:53'),(11,1,15,0,'2026-04-01 10:28:53','2026-04-01 10:28:53'),(12,1,16,0,'2026-04-01 10:28:53','2026-04-01 10:28:53'),(16,2,5,0,'2026-04-01 10:28:53','2026-04-01 10:28:53'),(17,2,6,0,'2026-04-01 10:28:53','2026-04-01 10:28:53'),(18,2,7,0,'2026-04-01 10:28:53','2026-04-01 10:28:53'),(19,2,8,0,'2026-04-01 10:28:53','2026-04-01 10:28:53'),(20,2,9,0,'2026-04-01 10:28:53','2026-04-01 10:28:53'),(21,2,10,0,'2026-04-01 10:28:53','2026-04-01 10:28:53'),(22,2,13,0,'2026-04-01 10:28:53','2026-04-01 10:28:53'),(23,2,14,0,'2026-04-01 10:28:53','2026-04-01 10:28:53'),(24,2,15,0,'2026-04-01 10:28:53','2026-04-01 10:28:53'),(25,2,16,0,'2026-04-01 10:28:53','2026-04-01 10:28:53'),(26,2,11,0,'2026-04-01 10:49:38','2026-04-01 10:49:39'),(27,2,12,0,'2026-04-01 10:49:54','2026-04-01 10:49:55'),(28,1,19,0,'2026-04-03 09:27:01','2026-04-03 09:27:01'),(29,2,19,0,'2026-04-03 09:27:08','2026-04-03 09:27:08');
-- ai_ecommerce_saas.sys_user DML
INSERT INTO `ai_ecommerce_saas`.`sys_user` (`id`,`openid`,`username`,`password`,`nickname`,`phone`,`email`,`points`,`status`,`member_level`,`member_expire_time`,`deleted`,`create_time`,`update_time`) VALUES (1,NULL,'test01','$2a$10$Js5Zsvt/C8FsCagQ61JENOA1mLkPvabi9U/G2z/hgRqHxUKCK1MR2','test01','19923051654','2946132340@qq.com',70,1,0,NULL,0,'2026-03-31 13:38:42','2026-04-01 16:02:25'),(2,NULL,'test02','$2a$10$Js5Zsvt/C8FsCagQ61JENOA1mLkPvabi9U/G2z/hgRqHxUKCK1MR2','жқҺж–Ҝ','123456789','1234567',80,1,0,NULL,0,'2026-04-01 11:13:08','2026-04-03 09:06:11'),(3,NULL,'1','$2a$10$YLC0hmXoqs2Ki0o9cXedBuZVI10S757UNAMITc7esewIp3IlFfmha','з®Ў','13800138000','admin@example.com',200,1,0,NULL,0,'2026-04-01 17:27:53','2026-04-01 17:27:53'),(4,NULL,'test03','$2a$10$6dDMD8ZTG48RRUOtDNltSO5Kj.ZKlMKrX.ysc60nO0SntThQdeXjW','з®ЎзҗҶе‘ҳ','13800138000','admin@example.com',70,1,0,NULL,0,'2026-04-02 09:12:46','2026-04-02 09:12:46'),(5,NULL,'test004','$2a$10$xtNiXZ1wTe8iZaXrqrQBPe2QWRBhA56b5eTof5xjWtR7n7NuXM5Q6','з®ЎзҗҶе‘ҳ','13800138000','admin@example.com',100,1,0,NULL,0,'2026-04-02 09:19:24','2026-04-02 09:19:24'),(6,NULL,'test04','$2a$10$CrMyXc3NgUQ0P.RBn8HnKOy1Zbb0nP6RUDc5d90caS3zy.KTu8U7i','з®ЎзҗҶе‘ҳ','13800138000','admin@example.com',100,1,0,NULL,0,'2026-04-02 09:21:44','2026-04-02 09:21:44'),(7,NULL,'test05','$2a$10$DY3ASCbbG762WyOH4XuVQO52CIVfr4NeqqfgRBQJ2TQ/pcFLzRw2G','з”ЁжҲ·37891','13800138000','admin@example.com',100,1,0,NULL,0,'2026-04-02 09:26:07','2026-04-02 09:26:07'),(8,NULL,'test06','$2a$10$54Fs4JhdVFK/67FQ3.cPOuQN8l/2zFVjXPzm3zIp7362FZtEZD5bW','з®ЎзҗҶе‘ҳ','13800138000','admin@example.com',100,1,0,NULL,0,'2026-04-03 09:41:57','2026-04-03 09:41:57');
-- ai_ecommerce_saas.user_points_log DML
INSERT INTO `ai_ecommerce_saas`.`user_points_log` (`id`,`username`,`change_points`,`current_points`,`remark`,`create_time`,`update_time`,`deleted`) VALUES (5,'test01',-10,90,'и§Ҷйў‘з”ҹжҲҗеҠҹиғҪж¶ҲиҖ—з§ҜеҲҶ','2026-04-01 17:11:44','2026-04-01 17:11:44',0),(6,'test01',-10,90,'з§ҜеҲҶеҮҸе°‘пјҡ10, еҪ“еүҚз§ҜеҲҶпјҡ90','2026-04-01 17:11:44','2026-04-01 17:11:44',0),(7,'test01',-5,85,'е°Ҹзәўд№Ұж–ҮжЎҲз”ҹжҲҗеҠҹиғҪж¶ҲиҖ—з§ҜеҲҶ','2026-04-01 17:11:44','2026-04-01 17:11:44',0),(8,'test01',-5,85,'з§ҜеҲҶеҮҸе°‘пјҡ5, еҪ“еүҚз§ҜеҲҶпјҡ85','2026-04-01 17:11:44','2026-04-01 17:11:44',0),(9,'test01',-10,75,'и§Ҷйў‘з”ҹжҲҗеҠҹиғҪж¶ҲиҖ—з§ҜеҲҶ','2026-04-01 17:13:44','2026-04-01 17:13:44',0),(10,'test01',-10,75,'з§ҜеҲҶеҮҸе°‘пјҡ10, еҪ“еүҚз§ҜеҲҶпјҡ75','2026-04-01 17:13:44','2026-04-01 17:13:44',0),(11,'test01',-5,70,'е°Ҹзәўд№Ұж–ҮжЎҲз”ҹжҲҗеҠҹиғҪж¶ҲиҖ—з§ҜеҲҶ','2026-04-01 17:13:44','2026-04-01 17:13:44',0),(12,'test01',-5,70,'з§ҜеҲҶеҮҸе°‘пјҡ5, еҪ“еүҚз§ҜеҲҶпјҡ70','2026-04-01 17:13:44','2026-04-01 17:13:44',0),(13,'1',100,200,'ж–°з”ЁжҲ·жіЁеҶҢеҘ–еҠұз§ҜеҲҶ','2026-04-01 17:27:53','2026-04-01 17:27:53',0),(14,'1',100,200,'з§ҜеҲҶеўһеҠ пјҡ100, еҪ“еүҚз§ҜеҲҶпјҡ200','2026-04-01 17:27:53','2026-04-01 17:27:53',0),(15,'test03',100,100,'ж–°з”ЁжҲ·жіЁеҶҢеҘ–еҠұз§ҜеҲҶ','2026-04-02 09:12:46','2026-04-02 09:12:46',0),(16,'test03',100,100,'з§ҜеҲҶеўһеҠ пјҡ100, еҪ“еүҚз§ҜеҲҶпјҡ100','2026-04-02 09:12:46','2026-04-02 09:12:46',0),(17,'test03',-10,90,'и§Ҷйў‘з”ҹжҲҗеҠҹиғҪж¶ҲиҖ—з§ҜеҲҶ','2026-04-02 09:15:05','2026-04-02 09:15:05',0),(18,'test03',-10,90,'з§ҜеҲҶеҮҸе°‘пјҡ10, еҪ“еүҚз§ҜеҲҶпјҡ90','2026-04-02 09:15:05','2026-04-02 09:15:05',0),(19,'test03',-5,85,'е°Ҹзәўд№Ұж–ҮжЎҲз”ҹжҲҗеҠҹиғҪж¶ҲиҖ—з§ҜеҲҶ','2026-04-02 09:15:05','2026-04-02 09:15:05',0),(20,'test03',-5,85,'з§ҜеҲҶеҮҸе°‘пјҡ5, еҪ“еүҚз§ҜеҲҶпјҡ85','2026-04-02 09:15:05','2026-04-02 09:15:05',0),(21,'test004',100,100,'ж–°з”ЁжҲ·жіЁеҶҢеҘ–еҠұз§ҜеҲҶ','2026-04-02 09:19:24','2026-04-02 09:19:24',0),(22,'test004',100,100,'з§ҜеҲҶеўһеҠ пјҡ100, еҪ“еүҚз§ҜеҲҶпјҡ100','2026-04-02 09:19:24','2026-04-02 09:19:24',0),(23,'test04',100,100,'ж–°з”ЁжҲ·жіЁеҶҢеҘ–еҠұз§ҜеҲҶ','2026-04-02 09:22:15','2026-04-02 09:22:15',0),(24,'test04',100,100,'з§ҜеҲҶеўһеҠ пјҡ100, еҪ“еүҚз§ҜеҲҶпјҡ100','2026-04-02 09:22:15','2026-04-02 09:22:15',0),(25,'test05',100,100,'ж–°з”ЁжҲ·жіЁеҶҢеҘ–еҠұз§ҜеҲҶ','2026-04-02 09:26:07','2026-04-02 09:26:07',0),(26,'test03',-10,75,'и§Ҷйў‘з”ҹжҲҗеҠҹиғҪж¶ҲиҖ—з§ҜеҲҶ','2026-04-02 09:36:33','2026-04-02 09:36:33',0),(27,'test03',-5,70,'е°Ҹзәўд№Ұж–ҮжЎҲз”ҹжҲҗеҠҹиғҪж¶ҲиҖ—з§ҜеҲҶ','2026-04-02 09:38:06','2026-04-02 09:38:06',0),(28,'test06',100,100,'ж–°з”ЁжҲ·жіЁеҶҢеҘ–еҠұз§ҜеҲҶ','2026-04-03 09:41:57','2026-04-03 09:41:57',0);
-- ai_ecommerce_saas.user_role DML
INSERT INTO `ai_ecommerce_saas`.`user_role` (`id`,`user_id`,`role_id`,`deleted`,`create_time`,`update_time`) VALUES (1,2,2,0,'2026-04-01 11:13:08','2026-04-01 11:13:08'),(2,1,1,0,'2026-04-01 16:57:09','2026-04-01 16:57:09'),(3,3,2,0,'2026-04-01 17:27:53','2026-04-01 17:27:53'),(4,4,2,0,'2026-04-02 09:12:46','2026-04-02 09:12:46'),(5,5,2,0,'2026-04-02 09:19:24','2026-04-02 09:19:24'),(6,6,2,0,'2026-04-02 09:22:31','2026-04-02 09:22:31'),(7,7,2,0,'2026-04-02 09:26:07','2026-04-02 09:26:07'),(8,8,2,0,'2026-04-03 09:41:57','2026-04-03 09:41:57');
SET FOREIGN_KEY_CHECKS = 1;
